{"cameraMode":{"drawMode":0,"name":"Shaded","section":"Shading Mode"},"sceneLighting":false,"audioPlay":false,"sceneViewState":{"showFog":false,"showMaterialUpdate":false,"showSkybox":false,"showFlares":false,"showImageEffects":false,"showParticleSystems":false},"in2DMode":false,"pivot":{"x":-1.6974341869354249,"y":0.8204914331436157,"z":5.4314165115356449},"rotation":{"x":0.08138564229011536,"y":0.7747802734375,"z":-0.1019337922334671,"w":0.618630588054657},"size":1.2418620586395264,"orthographic":false}