{"cameraMode":{"drawMode":0,"name":"Shaded","section":"Shading Mode"},"sceneLighting":false,"audioPlay":false,"sceneViewState":{"showFog":false,"showMaterialUpdate":false,"showSkybox":false,"showFlares":false,"showImageEffects":false,"showParticleSystems":false},"in2DMode":false,"pivot":{"x":-25.728313446044923,"y":10.069864273071289,"z":33.47826385498047},"rotation":{"x":0.04505382478237152,"y":0.7894892692565918,"z":-0.058380454778671268,"w":0.6093190312385559},"size":21.808889389038087,"orthographic":false}