{"cameraMode":{"drawMode":0,"name":"Shaded","section":"Shading Mode"},"sceneLighting":false,"audioPlay":false,"sceneViewState":{"showFog":false,"showMaterialUpdate":false,"showSkybox":false,"showFlares":false,"showImageEffects":false,"showParticleSystems":false},"in2DMode":false,"pivot":{"x":-0.9274880886077881,"y":1.6134765148162842,"z":36.109371185302737},"rotation":{"x":-0.02253715880215168,"y":0.8802403211593628,"z":-0.47212544083595278,"w":-0.04201861843466759},"size":0.816734254360199,"orthographic":false}