{"cameraMode":{"drawMode":0,"name":"Shaded","section":"Shading Mode"},"sceneLighting":true,"audioPlay":false,"sceneViewState":{"showFog":false,"showMaterialUpdate":false,"showSkybox":false,"showFlares":false,"showImageEffects":false,"showParticleSystems":false},"in2DMode":false,"pivot":{"x":1177.569580078125,"y":551.2894897460938,"z":1489.8365478515625},"rotation":{"x":0.0011893000919371844,"y":0.002096880692988634,"z":0.000004119181994610699,"w":-0.9999988079071045},"size":1380.902099609375,"orthographic":false}