{"cameraMode":{"drawMode":0,"name":"Shaded","section":"Shading Mode"},"sceneLighting":true,"audioPlay":false,"sceneViewState":{"showFog":false,"showMaterialUpdate":false,"showSkybox":false,"showFlares":false,"showImageEffects":false,"showParticleSystems":false},"in2DMode":false,"pivot":{"x":-1.8986868858337403,"y":0.8291991949081421,"z":6.3277740478515629},"rotation":{"x":0.04505382478237152,"y":0.7894892692565918,"z":-0.058380454778671268,"w":0.6093190312385559},"size":1.2418620586395264,"orthographic":false}